-439,-264,-17053,-9,-33,23
-458,-242,-17059,-5,-53,24
-424,-227,-17112,-1,-67,25
-421,-260,-17116,-9,-37,26
-468,-275,-17023,-3,-62,25
-426,-227,-17071,2,-56,24
-442,-261,-17053,-9,-26,29
-472,-258,-17066,-3,-66,28
-458,-238,-17049,1,-49,22
-450,-255,-17061,3,-49,24
-455,-272,-17044,3,-68,20
-435,-246,-17076,-4,-26,35
-430,-264,-17050,-2,-64,28
-457,-239,-17067,1,-77,22
-456,-246,-17083,-4,-59,24
-458,-281,-17071,-6,-33,29
-449,-259,-17041,-7,-59,28
-431,-233,-17065,-4,-42,29
-462,-263,-17038,-2,-37,24
-464,-251,-17043,0,-64,31
-430,-241,-17088,-7,-56,18
-460,-278,-17086,2,-47,21
-441,-250,-17039,-3,-69,25
-420,-212,-17095,-9,-23,31
-471,-273,-17027,-7,-47,26
-481,-267,-17039,-11,-49,32
-403,-236,-17092,8,-64,24
-446,-265,-17059,-18,-14,40
-478,-275,-17024,-3,-69,25
-444,-243,-17054,-17,-17,35
-472,-280,-17043,5,-68,23
-463,-253,-17044,1,-84,16
-428,-241,-17099,-2,-29,30
-456,-278,-17064,-12,-44,26
-441,-244,-17072,3,-69,23
-422,-245,-17074,4,-39,27
-444,-276,-17055,-10,-43,28
-452,-254,-17022,-1,-65,19
-424,-252,-17079,-6,-24,30
-433,-252,-17098,6,-89,15
-469,-253,-17040,4,-81,17
-434,-229,-17090,-12,-18,36
-438,-270,-17055,-4,-74,25
-468,-246,-17044,-13,-14,33
-432,-252,-17090,-2,-51,28
-439,-263,-17066,3,-67,24
-456,-249,-17059,-5,-20,27
-427,-230,-17089,-10,-68,26
-464,-289,-17003,-8,-29,31
-457,-247,-17074,-4,-55,28
-400,-235,-17113,-4,-53,26
-464,-264,-17068,-15,-22,29
-443,-249,-17056,-5,-63,24
-406,-214,-17111,11,-57,18
-468,-282,-17037,3,-68,21
-435,-237,-17063,-13,-16,37
-432,-243,-17077,-4,-28,34
-474,-274,-17059,-10,-69,25
-448,-260,-17042,4,-63,20
-428,-240,-17095,-2,-39,27
-441,-261,-17051,-1,-48,30
-468,-256,-17045,4,-64,19
-433,-257,-17074,-1,-37,26
-444,-237,-17073,3,-67,18
-416,-255,-17085,12,-103,10
-464,-256,-17043,-18,-9,32
-465,-231,-17082,-13,-35,33
-453,-248,-17056,1,-25,27
-476,-232,-17061,-7,-45,29
-432,-258,-17078,1,-60,16
-451,-259,-17029,2,-31,27
-457,-245,-17063,-4,-60,22
-452,-284,-17041,9,-83,15
-457,-245,-17050,-5,-27,29
-445,-251,-17067,-14,-25,35
-439,-255,-17070,6,-84,16
-449,-249,-17062,-1,-32,21
-443,-250,-17048,7,-70,26
-465,-256,-17035,-7,-65,25
-429,-245,-17074,1,-35,28
-447,-274,-17081,-11,-45,26
-473,-239,-17076,3,-62,27
-431,-255,-17067,-11,-17,22
-463,-250,-17049,1,-76,14
-472,-258,-17052,-7,-47,34
-413,-257,-17075,-5,-34,26
-448,-236,-17053,6,-84,13
-453,-272,-17061,-9,-26,23
-472,-259,-17024,-10,-54,26
-458,-249,-17064,0,-75,22
-429,-263,-17063,-7,-14,37
-449,-241,-17052,-14,-29,25
-437,-252,-17085,-5,-66,25
-429,-262,-17089,-6,-42,25
-434,-237,-17077,-13,-24,34
-482,-268,-17006,3,-74,27
-469,-258,-17041,-5,-26,29
-409,-249,-17089,-10,-34,24
-447,-258,-17054,-2,-67,24
-469,-239,-17017,-6,-49,20
-425,-265,-17085,-7,-35,38
-479,-268,-17031,-8,-52,22
-449,-239,-17076,-1,-67,18
-448,-246,-17063,0,-80,21
-440,-267,-17041,-4,-21,27
-463,-253,-17047,-2,-45,29
-467,-256,-17044,7,-73,22
-448,-264,-17051,-11,-21,32
-457,-244,-17060,-6,-41,24
-424,-256,-17072,1,-85,18
-433,-239,-17093,-11,-21,29
-441,-272,-17060,0,-47,23
-458,-253,-17026,13,-88,21
-437,-235,-17086,-6,-24,27
-457,-263,-17057,-5,-47,18
-438,-264,-17103,6,-70,21
-419,-224,-17099,-8,-38,32
-454,-277,-17075,-16,-36,36
-437,-257,-17034,-8,-49,30
-433,-241,-17070,-12,-20,36
-454,-267,-17063,-1,-64,24
-453,-246,-17054,-8,-71,16
-449,-253,-17096,-16,-19,34
-434,-233,-17071,-6,-36,29
-456,-274,-17086,-6,-56,23
-450,-263,-17050,-6,-27,26
-449,-231,-17069,2,-70,23
-467,-265,-17030,6,-55,15
-474,-249,-17053,-4,-32,27
-429,-251,-17082,-4,-66,28
-450,-250,-17068,-11,-52,29
-459,-256,-17085,-2,-29,34
-437,-243,-17055,-13,-45,27
-460,-245,-17074,-11,-59,28
-444,-251,-17063,-11,-20,33
-435,-255,-17084,-3,-57,19
-427,-235,-17091,-3,-70,28
-471,-271,-17017,-14,-18,33
-454,-245,-17044,-1,-37,33
-427,-229,-17102,-10,-61,25
-478,-277,-17022,1,-35,33
-457,-248,-17061,-7,-35,36
-420,-264,-17078,-6,-75,22
-443,-235,-17069,-3,-42,27
-429,-262,-17109,1,-58,28
-437,-269,-17044,-3,-83,12
-449,-231,-17080,-1,-35,18
-469,-263,-17023,-5,-53,28
-467,-256,-17055,5,-81,12
-446,-239,-17070,-5,-35,25
-443,-266,-17058,1,-59,20
-458,-248,-17043,1,-78,19
-467,-254,-17063,-2,-45,32
-448,-259,-17058,-8,-40,33
-448,-268,-17044,12,-91,12
-461,-261,-17044,-6,-21,28
-426,-254,-17057,4,-63,29
-437,-251,-17071,4,-86,13
-450,-251,-17065,-5,-32,29
-444,-240,-17064,-1,-48,23
-458,-234,-17074,-4,-70,17
-460,-268,-17068,1,-35,27
-444,-240,-17043,9,-65,19
-446,-242,-17064,-10,-64,27
-453,-270,-17027,-8,-23,33
-424,-249,-17078,7,-51,23
-461,-258,-17034,-8,-56,28
-442,-235,-17072,-17,-28,34
-445,-254,-17089,2,-55,23
-436,-270,-17020,4,-85,18
-442,-223,-17082,4,-47,26
-446,-275,-17068,-5,-36,29
-442,-242,-17072,9,-85,22
-464,-263,-17051,7,-47,20
-445,-239,-17065,-2,-36,33
-456,-255,-17048,-6,-56,29
-442,-251,-17042,-5,-56,24
-452,-236,-17066,-11,-13,35
-465,-260,-17054,1,-66,14
-462,-248,-17041,-1,-63,28
-420,-255,-17107,-2,-44,30
-449,-252,-17052,-15,-49,26
-441,-246,-17095,-6,-53,29
-427,-240,-17040,-6,-21,34
-467,-240,-17068,2,-75,18
-466,-242,-17092,5,-33,24
-436,-239,-17065,-1,-57,24
-447,-242,-17082,9,-75,16
-456,-263,-17092,-6,-29,20
-432,-253,-17084,-2,-55,28
-459,-238,-17053,4,-78,15
-440,-252,-17078,-1,-42,32
-435,-248,-17110,-5,-30,30
-464,-280,-17042,-7,-60,21
-443,-244,-17079,-2,-29,24
-425,-265,-17098,1,-64,24
-432,-264,-17076,-1,-57,18
-437,-241,-17056,-11,-37,26
-468,-270,-17065,0,-68,26
-447,-257,-17070,2,-59,27
-408,-236,-17068,-6,-37,31
-466,-257,-17073,-1,-73,16
-458,-260,-17074,7,-66,15
-445,-249,-17047,-14,-28,26
-449,-259,-17050,-6,-53,34
-430,-251,-17079,-6,-39,32
-451,-247,-17050,-5,-22,29
-449,-242,-17067,-1,-66,25
-451,-269,-17056,-9,-55,27
-445,-258,-17081,-6,-26,24
-441,-249,-17040,-6,-40,29
-455,-262,-17047,-12,-47,29
-435,-257,-17050,-1,-27,28
-432,-249,-17067,12,-66,17
-462,-237,-17081,8,-82,16
-458,-262,-17093,-1,-49,24
-448,-254,-17044,1,-54,18
-448,-249,-17076,2,-64,27
-448,-263,-17026,4,-59,28
-459,-234,-17075,3,-70,25
-442,-253,-17077,7,-85,25
-446,-264,-17067,-7,-23,26
-445,-254,-17083,-3,-45,27
-452,-260,-17039,-7,-85,20
-460,-249,-17075,-7,-26,26
-448,-255,-17061,-9,-69,23
-467,-247,-17061,-12,-57,32
-459,-263,-17060,-4,-43,27
-462,-246,-17056,-4,-52,27
-434,-249,-17089,5,-83,24
-454,-267,-17032,-15,-17,33
-440,-256,-17077,2,-51,22
-451,-268,-17058,1,-90,14
-447,-254,-17035,-8,-31,33
-433,-238,-17072,8,-69,21
-425,-246,-17085,2,-68,21
-446,-256,-17060,-3,-41,24
-440,-253,-17052,-12,-41,23
-427,-250,-17059,-9,-77,23
-479,-268,-17038,-5,-27,25
-424,-255,-17077,-9,-53,31
-417,-226,-17061,0,-55,25
-448,-256,-17076,-14,-35,27
-423,-253,-17050,6,-71,20
-440,-226,-17048,-11,-67,26
-501,-278,-17042,-1,-61,23
-446,-246,-17067,-3,-52,28
-428,-248,-17087,-1,-71,21
-463,-244,-17082,-10,-26,23
-440,-257,-17039,-7,-65,29
-463,-239,-17051,-11,-52,30
-462,-260,-17033,-19,-10,30
-448,-244,-17072,-8,-67,29
-447,-271,-17070,7,-78,22
-465,-251,-17064,-10,-22,36
-454,-261,-17065,-10,-50,27
-412,-237,-17043,1,-63,23
-425,-230,-17114,-8,-18,26
-451,-250,-17074,-23,6,44
-442,-260,-17051,-13,-19,34
-457,-247,-17059,17,-88,22
-455,-277,-17043,4,-52,19
-421,-234,-17074,-6,-36,32
-439,-255,-17081,6,-96,20
-433,-272,-17066,-11,-30,32
-451,-257,-17063,3,-43,19
-448,-240,-17057,-5,-55,30
-449,-256,-17043,-5,-32,32
-428,-229,-17062,-9,-40,28
-447,-252,-17069,-1,-76,19
-457,-253,-17086,-8,-57,28
-417,-251,-17067,-13,-22,26
-452,-246,-17054,5,-69,21
-461,-241,-17082,-4,-68,23
-454,-258,-17033,-5,-26,27
-469,-254,-17059,-7,-54,23
-433,-227,-17100,2,-84,21
-448,-256,-17086,-9,-36,28
-474,-258,-17046,-11,-61,22
-445,-236,-17053,4,-74,25
-423,-260,-17071,-8,-37,31
-429,-229,-17067,-2,-60,27
-442,-265,-17075,-6,-38,34
-470,-248,-17039,-8,-19,34
-429,-246,-17082,-12,-61,27
-446,-261,-17045,3,-57,27
-460,-259,-17054,-12,-19,37
-419,-251,-17090,-9,-60,26
-451,-266,-17041,0,-78,20
-455,-241,-17065,-5,-24,23
-432,-255,-17081,-6,-56,25
-457,-253,-17033,0,-76,21
-440,-232,-17082,0,-37,30
-426,-263,-17079,-5,-53,24
-482,-264,-17008,-8,-64,30
-433,-248,-17078,-3,-36,31
-424,-259,-17072,-9,-41,28
-443,-232,-17071,-6,-61,24
-456,-243,-17034,-10,-19,30
-447,-248,-17057,6,-62,12
-430,-262,-17065,-12,-15,31
-432,-248,-17076,-14,-36,42
-455,-249,-17052,-5,-69,20
-446,-260,-17059,3,-52,25
-440,-230,-17069,-7,-18,33
-420,-262,-17073,-1,-69,25
-444,-255,-17046,6,-80,15
-441,-244,-17064,-2,-37,30
-446,-274,-17063,3,-62,18
-450,-238,-17053,6,-69,19
-426,-237,-17099,-11,-19,34
-428,-265,-17081,-2,-65,33
-440,-239,-17053,5,-79,27
-442,-254,-17061,8,-45,21
-454,-250,-17075,-13,-33,27
-451,-243,-17059,-11,-59,28
-432,-256,-17057,-1,-43,25
-436,-237,-17098,-1,-46,30
-428,-262,-17072,-4,-74,13
-458,-254,-17006,-5,-28,32
-456,-247,-17070,6,-50,27
-439,-273,-17071,-2,-82,17
-461,-244,-17029,-8,-31,31
-442,-242,-17072,-3,-33,33
-454,-272,-17080,-14,-41,31
-420,-238,-17072,-7,-57,25
-439,-239,-17066,-10,-29,26
-454,-256,-17050,-16,-20,37
-450,-243,-17092,-10,-64,25
-447,-262,-17056,-1,-51,27
-450,-245,-17061,0,-60,22
-444,-266,-17064,-3,-71,25
-438,-264,-17050,6,-72,21
-425,-226,-17076,-8,-18,30
-450,-274,-17028,-3,-74,14
-458,-245,-17033,-9,-80,28
-432,-245,-17092,-15,-13,23
-479,-272,-17023,-13,-47,29
-460,-251,-17023,7,-69,18
-461,-241,-17060,-15,-19,33
-466,-272,-17038,0,-45,34
-464,-258,-17040,-4,-79,23
-473,-253,-17080,-5,-23,27
-418,-249,-17067,-6,-53,22
-431,-249,-17075,-12,-70,26
-446,-255,-17044,-3,-33,31
-432,-232,-17088,-1,-36,26
-452,-279,-17048,-7,-60,24
-459,-272,-17047,-7,-55,29
-412,-236,-17079,-4,-32,34
-452,-261,-17071,3,-69,22
-451,-230,-17082,7,-63,24
-443,-252,-17066,-13,-19,34
-447,-252,-17064,12,-70,23
-430,-248,-17054,3,-84,14
-420,-246,-17101,-2,-42,25
-460,-246,-17055,-13,-30,33
-452,-254,-17070,-9,-60,27
-454,-243,-17039,-2,-33,31
-486,-266,-17084,-6,-52,26
-444,-282,-17055,-4,-80,17
-449,-253,-17075,-13,-24,37
-457,-267,-17001,-1,-59,23
-445,-247,-17062,-4,-73,20
-444,-275,-17031,0,-34,22
-444,-233,-17057,-4,-45,21
-451,-237,-17067,1,-73,22
-452,-276,-17054,-11,-31,28
-448,-246,-17044,-2,-50,19
-445,-238,-17090,3,-73,20
-418,-256,-17084,4,-58,25
-453,-253,-17080,-2,-24,37
-453,-266,-17051,1,-73,19
-462,-273,-17071,-11,-29,32
-410,-253,-17085,-10,-38,28
-443,-262,-17031,-8,-75,28
-447,-222,-17076,-2,-53,22
-447,-280,-17055,-10,-26,30
-463,-263,-17038,1,-49,34
-403,-233,-17104,6,-76,21
-445,-265,-17058,-4,-37,26
-447,-255,-17051,-1,-65,26
-444,-238,-17097,-3,-78,22
-453,-273,-17040,-9,-40,31
-453,-249,-17058,2,-68,19
-409,-240,-17096,-1,-53,28
-432,-239,-17077,-12,-23,31
-459,-248,-17055,0,-64,20
-450,-252,-17054,-13,-58,32
-448,-242,-17048,-15,-13,37
-432,-244,-17098,4,-51,26
-442,-252,-17060,7,-80,22
-469,-226,-17070,-3,-45,21
-407,-244,-17084,4,-57,26
-472,-263,-17052,-2,-78,18
-423,-224,-17078,-18,-4,38
-452,-267,-17056,-3,-39,23
-471,-238,-17041,2,-75,24
-419,-247,-17073,3,-49,25
-441,-258,-17095,-11,-29,36
-452,-261,-17057,-2,-71,26
-435,-244,-17069,7,-63,17
-461,-243,-17045,-1,-29,31
-439,-233,-17092,-3,-65,24
-438,-258,-17083,6,-78,13
-449,-230,-17093,0,-32,28
-423,-258,-17091,-1,-57,31
-454,-257,-17049,-8,-65,27
-433,-239,-17062,-15,-5,41
-472,-261,-17030,-4,-52,23
-455,-266,-17083,5,-90,14
-402,-238,-17108,-5,-25,29
-453,-262,-17048,-4,-44,25
-469,-244,-17038,2,-87,10
-460,-254,-17055,-3,-38,32
-450,-279,-17082,-3,-45,30
-435,-258,-17071,-3,-63,23
-430,-250,-17084,-11,-34,29
-439,-234,-17065,-1,-52,25
-466,-268,-17043,-1,-72,23
-433,-228,-17083,2,-29,35
-467,-267,-17030,-5,-46,26
-447,-226,-17053,-3,-70,19
-400,-250,-17097,-11,-20,33
-458,-287,-17042,1,-38,33
-430,-239,-17078,-8,-64,27
-441,-240,-17070,3,-32,28
-459,-262,-17042,-4,-46,26
-464,-249,-17040,-3,-65,23
-410,-253,-17079,-5,-44,32
-441,-247,-17066,-15,-33,36
-431,-238,-17080,18,-81,14
-445,-244,-17067,-5,-26,28
-457,-260,-17065,-5,-41,28
-440,-247,-17068,-3,-65,26
-442,-250,-17057,-14,-24,37
-423,-228,-17070,0,-53,25
-456,-279,-17066,-9,-60,29
-446,-264,-17065,0,-46,19
-444,-260,-17057,2,-63,23
-457,-271,-17059,-12,-59,26
-453,-237,-17069,-5,-29,29
-436,-254,-17082,0,-62,24
-436,-276,-17064,4,-91,14
-446,-236,-17062,-5,-28,26
-450,-236,-17054,0,-35,27
-462,-257,-17067,4,-73,18
-463,-253,-17078,0,-33,25
-436,-245,-17079,-5,-35,37
-444,-249,-17067,-6,-66,29
-450,-260,-17064,7,-53,20
-454,-247,-17057,1,-61,24
-441,-238,-17059,-5,-63,36
-452,-256,-17088,0,-46,24
-445,-245,-17052,-6,-25,30
-447,-224,-17066,-11,-48,30
-451,-269,-17097,1,-65,22
-437,-259,-17040,-22,-28,39
-461,-244,-17054,-7,-68,26
-448,-264,-17072,-6,-55,26
-453,-251,-17042,-7,-28,24
-447,-238,-17082,-15,-52,32
-431,-278,-17066,-9,-50,28
-461,-245,-17064,-13,-6,38
-434,-219,-17095,-6,-58,31
-423,-268,-17081,5,-92,16
-451,-248,-17085,-5,-40,27
-419,-252,-17103,-9,-49,33
-441,-245,-17090,2,-74,17
-448,-263,-17070,1,-35,26
-463,-262,-17039,-7,-50,25
-423,-252,-17084,5,-45,29
-446,-259,-17053,-3,-33,23
-434,-248,-17076,-8,-51,27
-456,-249,-17076,-3,-45,25
-429,-256,-17066,-1,-45,27
-435,-264,-17062,-3,-57,27
-436,-230,-17090,4,-30,32
-457,-270,-17057,-17,-18,38
-467,-231,-17075,5,-80,17
-441,-238,-17096,3,-62,26
-455,-274,-17091,-5,-37,26
-464,-269,-17039,-9,-52,30
-425,-225,-17090,8,-96,8
-449,-276,-17064,-26,2,51
-469,-265,-17029,-8,-47,32
-444,-240,-17080,0,-62,21
-438,-255,-17079,-9,-33,27
-436,-250,-17079,5,-78,25
-435,-246,-17067,-1,-64,29
-459,-270,-17062,-11,-27,27
-447,-249,-17059,-10,-46,31
-418,-244,-17104,11,-83,20
-453,-241,-17079,-8,-19,32
-456,-254,-17067,2,-55,28
-433,-253,-17063,1,-73,18
-484,-264,-17040,2,-37,31
-443,-242,-17059,4,-57,17
-442,-266,-17050,2,-69,18
-443,-251,-17080,-6,-29,29
-430,-266,-17074,-10,-45,29
-466,-257,-17006,-4,-75,19
-470,-253,-17066,-14,-30,29
-439,-267,-17073,-4,-53,24
-439,-259,-17038,-8,-59,25
-447,-222,-17067,-19,-14,42
-429,-255,-17088,1,-61,29
-449,-269,-17035,-8,-65,33
-425,-237,-17085,-11,-25,30
-451,-272,-17054,-13,-31,37
-449,-247,-17081,5,-75,18
-462,-243,-17063,-4,-44,31
-454,-257,-17020,4,-73,26
-463,-273,-17040,-9,-20,29
-464,-254,-17076,-8,-43,33
-443,-251,-17053,-11,-12,29
-468,-231,-17082,4,-58,19
-414,-259,-17055,1,-87,20
-437,-267,-17084,-12,-28,34
-444,-251,-17076,-4,-75,17
-432,-234,-17096,-9,-31,27
-432,-261,-17071,4,-64,29
-470,-240,-17044,-6,-44,28
-428,-247,-17075,-15,-13,37
-430,-265,-17093,-2,-84,24
-465,-247,-17026,9,-70,23
-427,-237,-17049,-3,-27,34
-441,-262,-17053,-12,-46,34
-467,-260,-17062,-14,-61,20
-424,-255,-17070,-3,-40,23
-443,-240,-17115,5,-84,17
-453,-255,-17056,-4,-20,31
-415,-244,-17061,-19,-39,35
-447,-266,-17056,8,-84,17
-457,-259,-17044,0,-26,31
-425,-256,-17096,-4,-46,27
-483,-251,-17051,-3,-69,33
-446,-254,-17083,-2,-35,23
-448,-268,-17065,-2,-45,31
-440,-237,-17088,-4,-64,27
-456,-255,-17037,-3,-30,32
-447,-247,-17073,-3,-41,23
-416,-257,-17100,-8,-63,21
-425,-249,-17071,-6,-16,32
-444,-238,-17042,-14,-37,35
-443,-242,-17077,10,-77,17
-436,-281,-17061,-10,-13,32
-440,-242,-17078,-3,-34,28
-449,-219,-17075,3,-72,22
-462,-272,-17064,-3,-40,31
-450,-251,-17041,-7,-36,26
-430,-239,-17065,-5,-71,26
-441,-259,-17046,-7,-38,29
-459,-244,-17039,-15,-28,26
-451,-255,-17080,-6,-53,26
-428,-267,-17079,-1,-45,26
-458,-242,-17079,-13,-34,34
-436,-227,-17080,-5,-67,20
-461,-272,-17053,4,-57,23
-450,-256,-17044,-10,-24,37
-432,-247,-17089,4,-74,17
-461,-277,-17074,-1,-41,24
-444,-264,-17033,-4,-49,32
-444,-248,-17086,11,-88,14
-447,-270,-17035,0,-31,37
-446,-231,-17088,-3,-22,37
-429,-256,-17101,-11,-56,30
-408,-268,-17080,-5,-41,29
-457,-261,-17045,6,-63,26
-458,-238,-17055,7,-51,29
-458,-257,-17070,-10,-28,31
-452,-254,-17089,5,-79,14
-419,-250,-17089,-1,-34,29
-448,-263,-17070,-7,-56,29
-444,-258,-17052,-10,-21,37
-430,-212,-17072,3,-64,21
-451,-263,-17065,4,-65,29
-455,-258,-17039,-11,-27,33
-461,-246,-17055,-4,-64,23
-440,-255,-17053,2,-72,19
-447,-239,-17043,3,-45,23
-446,-245,-17089,-7,-50,28
-451,-266,-17034,-1,-78,16
-430,-238,-17056,-4,-42,23
-456,-229,-17031,-1,-49,32
-451,-259,-17064,1,-80,21
-453,-242,-17053,-12,-8,39
-440,-255,-17083,3,-63,23
-445,-268,-17066,0,-94,16
-446,-244,-17057,-3,-38,23
-425,-233,-17098,-13,-31,28
-431,-252,-17048,1,-83,18
-460,-247,-17051,2,-32,33
-433,-261,-17041,-1,-49,17
-404,-253,-17079,1,-75,24
-456,-251,-17058,3,-56,26
-442,-244,-17087,-1,-52,20
-441,-244,-17094,-7,-60,26
-451,-247,-17053,5,-49,24
-421,-249,-17094,-7,-28,25
-455,-258,-17036,1,-64,18
-454,-256,-17080,3,-55,21
-450,-263,-17045,-13,-37,26
-427,-239,-17079,-7,-63,27
-426,-246,-17087,-4,-35,38
-451,-252,-17062,-5,-41,22
-461,-239,-17066,0,-72,23
-453,-270,-17057,6,-49,23
-434,-255,-17021,-6,-22,43
-443,-245,-17065,5,-74,31
-477,-261,-17051,-12,-26,31
-429,-264,-17079,-12,-34,34
-431,-238,-17067,-8,-69,19
-426,-250,-17055,-13,-43,34
-455,-265,-17039,3,-53,22
-446,-251,-17075,-7,-57,24
-389,-262,-17103,-7,-42,23
-463,-238,-17063,-5,-20,31
-452,-241,-17073,12,-97,19
-437,-273,-17076,-3,-62,21
-440,-245,-17059,-12,-32,39
-453,-248,-17069,5,-61,25
-444,-266,-17039,5,-73,19
-446,-241,-17085,-6,-27,31
-437,-238,-17098,3,-63,20
-441,-262,-17087,-5,-76,22
-453,-235,-17064,-6,-37,27
-439,-249,-17076,2,-54,26
-432,-253,-17043,8,-80,18
-471,-233,-17071,-5,-43,28
-450,-240,-17097,4,-62,25
-445,-269,-17034,-1,-59,30
-461,-256,-17069,-1,-49,34
-427,-234,-17069,-15,-49,28
-451,-273,-17048,-2,-33,28
-445,-239,-17080,-10,-28,32
-420,-254,-17111,1,-69,21
-425,-246,-17070,3,-65,20
-472,-259,-17047,-12,-45,28
-439,-241,-17064,-8,-57,25
-445,-260,-17060,2,-49,24
-455,-251,-17075,3,-39,26
-408,-239,-17085,-3,-61,27
-450,-252,-17051,-10,-42,30
-467,-272,-17032,0,-59,24
-427,-237,-17087,-2,-46,29
-429,-266,-17039,-12,-26,33
-426,-233,-17075,3,-90,14
-434,-224,-17102,-8,-18,37
-464,-273,-17060,7,-80,12
-442,-265,-17070,-9,-27,31
-411,-233,-17086,-6,-43,34
-473,-272,-17058,-5,-67,18
-474,-250,-17055,-4,-42,23
-416,-248,-17098,-7,-36,24
-443,-279,-17077,-14,-55,27
-437,-228,-17062,1,-59,20
-462,-227,-17065,1,-58,24
-443,-264,-17042,1,-51,23
-450,-248,-17030,-9,-32,36
-435,-252,-17052,6,-42,20
-459,-260,-17047,-6,-45,22
-439,-251,-17058,-4,-36,27
-466,-279,-17031,-3,-53,28
-457,-227,-17066,-5,-35,23
-412,-235,-17102,-8,-36,34
-457,-292,-17053,-7,-61,24
-457,-262,-17048,-3,-34,36
-436,-231,-17074,0,-48,19
-451,-286,-17041,-1,-73,21
-456,-246,-17081,-6,-15,28
-426,-255,-17092,1,-62,23
-452,-258,-17071,-2,-67,24
-450,-249,-17035,-13,-7,38
-443,-232,-17109,-1,-58,22
-444,-271,-17040,-1,-33,29
-473,-262,-17052,-5,-54,31
-428,-235,-17103,13,-80,12
-460,-265,-17052,1,-36,28
-452,-248,-17052,-14,-40,24
-407,-232,-17090,-2,-67,24
-462,-281,-17031,-3,-49,26
-446,-237,-17043,-8,-37,30
-424,-258,-17064,-2,-63,25
-452,-242,-17075,-6,-33,30
-462,-255,-17059,-3,-26,34
-456,-257,-17063,1,-72,12
-436,-267,-17054,-1,-55,23
-445,-238,-17062,-5,-25,32
-451,-258,-17068,-12,-49,31
-455,-247,-17056,2,-68,19
-428,-252,-17096,-11,-24,35
-481,-253,-17044,-1,-81,16
-443,-243,-17051,-11,-50,29
-465,-232,-17039,-1,-59,21
-403,-243,-17101,0,-46,28
-443,-248,-17077,0,-31,27
-458,-251,-17065,-6,-70,22
-430,-247,-17103,-8,-36,21
-452,-260,-17053,-5,-27,35
-427,-231,-17083,3,-57,22
-420,-255,-17069,-2,-40,26
-446,-251,-17081,-5,-53,24
-436,-240,-17071,4,-96,16
-433,-239,-17063,-11,-12,36
-446,-276,-17047,-5,-42,25
-474,-243,-17055,-6,-48,21
-438,-255,-17039,-1,-44,21
-432,-261,-17060,-7,-68,20
-470,-259,-17083,-6,-34,35
-435,-246,-17075,-2,-53,28
-447,-278,-17028,-8,-32,26
-417,-235,-17103,-3,-31,32
-446,-220,-17085,1,-74,19
-442,-269,-17066,-2,-35,26
-437,-262,-17058,-4,-67,22
-436,-227,-17069,-1,-39,26
-455,-256,-17016,-3,-31,26
-450,-255,-17058,-2,-59,25
-427,-241,-17081,10,-46,23
-444,-269,-17055,-12,-16,37
-440,-247,-17060,-2,-61,20
-443,-238,-17096,1,-31,35
-427,-259,-17078,-2,-58,32
-456,-238,-17073,16,-97,14
-441,-241,-17071,-4,-24,29
-429,-261,-17081,-2,-45,26
-436,-241,-17061,7,-79,18
-440,-231,-17098,-5,-47,29
-471,-279,-17038,-10,-25,38
-445,-243,-17063,-5,-63,24
-434,-241,-17088,-3,-30,23
-432,-256,-17060,-5,-43,28
-448,-236,-17067,-1,-60,28
-425,-232,-17108,-1,-35,29
-436,-268,-17020,-3,-70,25
-460,-223,-17075,9,-58,19
-429,-261,-17090,-1,-34,29
-449,-279,-17043,-5,-63,25
-429,-223,-17071,5,-90,17
-439,-250,-17074,-13,-18,39
-475,-273,-17075,1,-63,27
-441,-256,-17043,-3,-67,22
-427,-238,-17100,-8,-32,33
-463,-234,-17077,4,-55,25
-439,-261,-17082,-7,-66,24
-454,-254,-17040,-1,-65,23
-417,-238,-17105,-21,-18,38
-450,-250,-17045,-2,-72,8
-437,-259,-17066,6,-62,11
-437,-237,-17097,-4,-36,27
-455,-262,-17106,3,-61,25
-430,-253,-17068,4,-46,16
-451,-244,-17048,-12,-28,29
-433,-240,-17085,-7,-65,23
-441,-263,-17058,5,-65,26
-433,-245,-17068,-11,-20,36
-432,-257,-17082,3,-75,21
-463,-255,-17064,-1,-39,31
-426,-248,-17088,-1,-39,25
-433,-267,-17010,13,-80,17
-484,-240,-17040,5,-96,11
-428,-232,-17092,-3,-30,26
-425,-259,-17098,-10,-48,28
-471,-244,-17055,4,-74,20
-445,-244,-17071,3,-39,26
-436,-271,-17054,-15,-52,33
-460,-244,-17040,-3,-68,26
-443,-234,-17089,-6,-34,33
-456,-280,-17053,-2,-48,30
-463,-272,-17066,-2,-72,22
-442,-250,-17076,-1,-30,27
-452,-263,-17043,-8,-60,25
-448,-250,-17022,2,-66,32
-429,-234,-17106,-16,-25,33
-474,-261,-17070,-9,-34,24
-417,-246,-17045,7,-74,22
-421,-240,-17088,-7,-27,26
-469,-269,-17053,-4,-51,28
-457,-239,-17065,-1,-64,27
-436,-254,-17074,-2,-45,25
-457,-272,-17055,-10,-47,34
-445,-248,-17068,-6,-41,29
-413,-247,-17092,-4,-34,33
-448,-280,-17053,-1,-60,14
-462,-235,-17046,-8,-45,33
-427,-257,-17079,-4,-33,36
-447,-267,-17086,-8,-54,31
-448,-242,-17043,-3,-44,36
-452,-251,-17033,-12,-19,31
-459,-259,-17086,-12,-57,35
-474,-267,-17040,-10,-71,22
-440,-241,-17085,0,-31,31
-455,-245,-17075,4,-70,14
-462,-266,-17050,1,-74,18
-448,-242,-17044,1,-59,30
-438,-238,-17086,-15,-22,30
-430,-264,-17066,-5,-52,25
-447,-234,-17085,11,-87,10
-444,-252,-17086,-10,-12,43
-447,-262,-17092,-6,-42,24
-437,-236,-17063,0,-73,24
-440,-254,-17044,-1,-31,31
-433,-261,-17071,-4,-69,25
-461,-243,-17078,1,-66,26
-460,-249,-17048,-14,-29,33
-444,-271,-17056,0,-75,23
-446,-236,-17075,-3,-54,22
-451,-240,-17053,-3,-37,24
-438,-275,-17062,-2,-54,25
-427,-248,-17093,-3,-57,23
-469,-244,-17058,-4,-50,31
-455,-262,-17057,-3,-55,26
-449,-255,-17084,-3,-44,35
-458,-234,-17061,-7,-19,34
-445,-261,-17044,-2,-75,20
-428,-246,-17072,1,-66,19
-448,-250,-17081,-12,-27,38
-439,-265,-17064,-7,-44,32
-445,-242,-17046,6,-88,18
-445,-251,-17068,2,-31,29
-445,-274,-17070,-6,-47,24
-450,-232,-17076,0,-75,16
-436,-244,-17069,-12,-11,41
-433,-256,-17065,-17,-20,34
-456,-235,-17060,-14,-57,25
-445,-261,-17064,-5,-41,24
-450,-256,-17071,-13,-29,32
-451,-227,-17059,10,-84,20
-441,-254,-17064,0,-74,26
-445,-264,-17096,2,-36,26
-468,-242,-17074,1,-56,21
-452,-258,-17051,2,-74,17
-416,-246,-17076,-6,-22,34
-459,-245,-17061,-10,-29,32
-463,-273,-17048,5,-96,20
-446,-242,-17096,11,-64,27
-453,-248,-17045,4,-49,21
-436,-252,-17074,1,-75,21
-441,-239,-17087,-15,-23,27
-452,-242,-17047,4,-52,28
-457,-272,-17053,-8,-78,16
-449,-241,-17063,-11,-11,40
-466,-238,-17069,-3,-48,28
-451,-263,-17063,-6,-68,34
-453,-237,-17064,1,-27,32
-458,-252,-17060,7,-58,15
-451,-273,-17064,-4,-58,28
-435,-229,-17090,-7,-35,26
-438,-242,-17087,-2,-42,26
-415,-249,-17072,-4,-64,20
-450,-240,-17053,-8,-26,28
-438,-245,-17091,9,-62,18
-433,-257,-17101,-1,-79,14
-473,-246,-17053,-1,-61,15
-466,-266,-17055,-14,-27,32
-444,-238,-17082,-9,-61,32
-447,-248,-17078,7,-65,17
-445,-267,-17066,-5,-34,24
-446,-241,-17072,0,-75,24
-447,-253,-17064,2,-81,19
-441,-260,-17054,-6,-27,28
-434,-249,-17071,3,-66,21
-449,-252,-17076,6,-64,20
-444,-255,-17095,-24,-7,32
-455,-242,-17068,-6,-61,23
-443,-259,-17047,0,-92,17
-442,-258,-17087,-5,-11,35
-459,-246,-17069,-3,-47,30
-440,-264,-17069,11,-82,20
-447,-241,-17059,-9,-34,29
-465,-246,-17057,3,-72,21
-439,-273,-17077,6,-86,21
-435,-240,-17067,-7,-48,26
-456,-259,-17065,-2,-45,28
-430,-253,-17083,-1,-65,25
-468,-236,-17074,2,-36,23
-454,-263,-17045,-2,-45,28
-432,-242,-17077,1,-80,30
-454,-234,-17068,-7,-21,30
-437,-268,-17066,-18,-31,31
-443,-240,-17076,0,-65,28
-442,-253,-17084,-2,-41,29
-427,-257,-17070,-5,-52,24
-440,-235,-17070,-5,-66,24
-455,-249,-17055,7,-50,20
-436,-261,-17073,-1,-52,24
-471,-245,-17045,-9,-50,27
-433,-271,-17072,0,-66,28
-433,-236,-17081,1,-48,21
-445,-246,-17080,8,-83,21
-457,-267,-17060,-8,-36,30
-440,-222,-17068,-4,-36,26
-456,-259,-17060,10,-69,25
-439,-252,-17063,0,-75,28
-441,-241,-17060,0,-41,20
-442,-272,-17078,-2,-63,24
-458,-237,-17074,4,-74,24
-428,-249,-17062,3,-48,21
-444,-260,-17058,3,-61,23
-456,-237,-17056,-12,-60,26
-430,-262,-17076,-1,-60,24
-449,-244,-17060,-7,-40,28
-452,-250,-17072,-2,-56,28
-421,-247,-17077,3,-46,25
-450,-242,-17072,-9,-19,40
-426,-247,-17077,-16,-61,21
-443,-272,-17070,1,-52,26
-455,-239,-17058,-4,-41,30
-435,-277,-17051,3,-67,29
-444,-235,-17085,-10,-39,37
-475,-255,-17064,-5,-46,29
-439,-268,-17051,12,-79,16
-442,-220,-17080,2,-81,23
-443,-259,-17070,8,-46,21
-429,-239,-17083,-2,-74,30
-450,-229,-17081,1,-60,26
-448,-257,-17101,-19,-19,34
-445,-242,-17062,-3,-40,33
-453,-245,-17061,-11,-14,34
-440,-249,-17066,0,-44,29
-458,-233,-17077,-1,-85,21
-431,-257,-17046,2,-46,29
-443,-240,-17053,2,-46,26
-460,-251,-17063,-7,-54,30
-449,-257,-17083,9,-79,19
-417,-228,-17074,5,-44,32
-458,-277,-17068,-6,-70,27
-412,-242,-17080,5,-70,24
-448,-247,-17062,-12,-31,31
-425,-272,-17097,5,-73,28
-436,-241,-17061,-9,-26,34
-456,-243,-17072,-3,-48,25
-460,-262,-17066,-1,-75,24
-438,-231,-17084,-5,-23,25
-439,-269,-17061,0,-44,27
-434,-242,-17073,10,-75,12
-459,-250,-17055,7,-56,32
-437,-256,-17079,-14,-25,28
-449,-226,-17062,-10,-55,30
-442,-275,-17048,-17,-57,38
-426,-231,-17088,1,-36,23
-455,-251,-17056,-3,-61,17
-442,-263,-17044,-2,-70,23
-466,-239,-17068,-7,-23,24
-436,-248,-17075,2,-63,29
-429,-238,-17070,3,-66,20
-456,-248,-17070,13,-50,23
-439,-275,-17061,-2,-69,23
-449,-239,-17068,-6,-36,31
-436,-260,-17073,-12,-28,29
-435,-255,-17062,-5,-50,28
-459,-240,-17048,0,-77,18
-459,-261,-17076,-7,-11,32
-439,-246,-17072,0,-71,16
-445,-249,-17070,5,-77,29
-442,-247,-17070,0,-30,28
-459,-248,-17065,-2,-60,29
-429,-259,-17069,-3,-73,20
-448,-236,-17066,-4,-26,25
-450,-258,-17054,-10,-46,35
-443,-246,-17055,-4,-69,28
-454,-244,-17060,-5,-22,29
-446,-274,-17055,-6,-55,26
-441,-240,-17052,-1,-70,24
-427,-252,-17090,2,-59,26
-433,-236,-17057,-9,-33,33
-456,-247,-17042,-15,-41,38
-437,-247,-17073,1,-68,15
-456,-240,-17083,-3,-30,29
-467,-274,-17039,0,-61,16
-447,-237,-17079,7,-85,15
-452,-270,-17063,-16,-10,33
-438,-260,-17085,-4,-62,28
-452,-248,-17065,2,-85,26
-439,-272,-17066,-6,-33,26
-441,-237,-17106,4,-57,26
-430,-252,-17090,4,-85,14
-437,-255,-17073,-10,-26,35
-448,-248,-17056,-7,-38,26
-459,-270,-17062,-16,-51,30
-447,-243,-17055,1,-40,27
-440,-254,-17083,-2,-54,26
-429,-228,-17086,-3,-70,24
-449,-253,-17055,-4,-24,31
-428,-255,-17077,-10,-30,32
-451,-227,-17081,-9,-44,34
-446,-269,-17068,-3,-76,21
-424,-233,-17080,-11,-17,30
-439,-250,-17062,-7,-34,30
-449,-277,-17043,8,-77,22
-442,-240,-17065,-18,-20,33
-453,-250,-17075,7,-65,19
-434,-253,-17058,0,-80,13
-439,-248,-17060,-2,-25,30
-476,-242,-17066,2,-69,19
-467,-264,-17038,-1,-75,13
-442,-254,-17058,0,-27,25
-450,-244,-17060,-14,-41,30
-460,-257,-17051,1,-65,26
-430,-274,-17068,-14,-10,37
-444,-256,-17074,-2,-61,19
-455,-239,-17079,5,-86,16
-438,-247,-17070,-1,-38,26
-446,-276,-17070,-3,-59,16
-432,-241,-17089,-1,-68,28
-456,-240,-17062,-4,-44,21
-434,-253,-17061,-4,-66,20
-445,-269,-17086,-1,-79,24
-423,-260,-17089,-9,-15,35
-453,-256,-17049,-3,-44,26
-452,-248,-17062,3,-65,26
-458,-245,-17077,1,-26,25
-451,-252,-17044,2,-59,21
-439,-256,-17074,3,-89,14
-465,-267,-17050,-12,-24,29
-452,-241,-17072,-13,-42,27
-429,-226,-17069,0,-72,16
-463,-247,-17039,6,-42,28
-462,-241,-17068,-2,-50,20
-455,-254,-17045,4,-71,26
-442,-265,-17067,-2,-54,32
-444,-262,-17077,2,-42,28
-454,-274,-17050,-5,-49,30
-434,-260,-17109,-8,-37,23
-459,-246,-17055,-14,-19,29
-464,-236,-17037,-1,-66,23
-456,-231,-17057,-8,-64,27
-461,-235,-17078,-9,-29,26
-468,-252,-17065,-3,-53,24
-451,-262,-17058,-2,-57,32
-433,-259,-17058,-7,-27,33
-434,-264,-17066,-9,-54,29
-447,-249,-17076,0,-71,21
-449,-250,-17059,-6,-19,31
-462,-239,-17066,0,-50,26
-452,-240,-17070,1,-67,23
-459,-251,-17066,-5,-30,31
-456,-248,-17069,-11,-31,26
-448,-265,-17076,1,-69,24
-442,-264,-17084,-7,-39,28
-428,-264,-17085,-3,-58,21
-439,-259,-17044,-6,-70,23
-441,-250,-17068,-3,-22,29
-457,-230,-17073,-10,-34,30
-441,-249,-17059,3,-85,21
-460,-255,-17060,2,-49,23
-446,-263,-17081,-9,-39,31
-448,-256,-17050,4,-75,20
-446,-272,-17059,6,-56,18
-429,-256,-17088,-3,-55,26
-426,-247,-17096,-1,-63,19
-429,-243,-17088,-4,-36,29
-438,-230,-17081,0,-39,22
-467,-241,-17052,-3,-66,27
-452,-236,-17079,0,-44,27
-442,-246,-17067,-8,-38,33
-451,-269,-17062,-8,-56,24
-440,-265,-17076,-1,-45,28
-427,-248,-17086,-13,-18,33
-445,-269,-17051,4,-67,24
-443,-236,-17083,11,-70,22
-441,-231,-17079,2,-45,25
-443,-244,-17054,1,-68,23
-455,-254,-17053,2,-55,17
-459,-245,-17088,-7,-48,24
-466,-264,-17076,5,-79,10
-445,-261,-17074,-6,-49,29
-432,-259,-17077,-12,-33,25
-458,-270,-17053,0,-80,15
-448,-251,-17087,-6,-71,20
-439,-238,-17072,-15,-13,38
-472,-243,-17055,-8,-46,32
-447,-245,-17065,7,-69,22
-462,-255,-17067,-5,-27,29
-450,-263,-17055,-6,-50,29
-440,-258,-17077,-6,-56,28
-438,-256,-17092,-5,-45,26
-450,-249,-17069,-7,-59,32
-428,-231,-17082,5,-74,18
-452,-246,-17034,-10,-26,31
-439,-245,-17089,-5,-50,29
-444,-240,-17081,-5,-77,27
-455,-255,-17052,-12,-13,32
-429,-263,-17071,-16,-22,41
-446,-255,-17091,8,-74,19
-444,-265,-17068,5,-42,23
-428,-256,-17083,-13,-56,27
-439,-247,-17055,8,-83,17
-443,-237,-17080,-11,-20,36
-472,-237,-17049,-2,-47,29
-476,-257,-17050,-11,-51,31
-464,-261,-17048,4,-47,21
-447,-256,-17067,-11,-29,31
-450,-266,-17054,-5,-65,22
-431,-260,-17081,-6,-21,37
-426,-241,-17090,-8,-23,30
-447,-246,-17057,3,-72,28
-448,-234,-17060,6,-66,18
-453,-245,-17050,-9,-36,34
-428,-244,-17092,7,-68,21
-450,-251,-17070,8,-48,28
-426,-263,-17088,3,-40,25
-434,-263,-17100,-4,-71,26
-448,-269,-17069,-1,-65,19
-456,-247,-17076,5,-46,28
-443,-245,-17076,5,-75,23
-445,-239,-17075,-10,-26,34
-458,-240,-17050,-9,-40,30
-458,-248,-17079,-1,-78,24
-448,-263,-17075,-2,-51,21
-469,-253,-17053,-3,-34,25
-440,-266,-17073,1,-78,24
-455,-266,-17047,-11,-26,31
-434,-260,-17068,-17,-27,37
-452,-244,-17062,3,-60,24
-436,-227,-17065,-5,-26,28
-463,-242,-17072,-5,-35,30
-453,-249,-17072,-4,-44,28
-460,-262,-17048,5,-60,28
-428,-260,-17075,-17,-12,42
-436,-264,-17072,10,-88,13
-431,-261,-17068,14,-86,12
-462,-254,-17042,-7,-32,31
-437,-243,-17071,-1,-76,23
-439,-235,-17076,-6,-41,28
-454,-239,-17066,-12,-27,27
-450,-249,-17053,-4,-77,17
-455,-272,-17051,3,-67,16
-444,-271,-17065,0,-38,31
-445,-269,-17067,-6,-73,31
-440,-251,-17059,-8,-41,31
-430,-241,-17068,-7,-18,38
-455,-244,-17053,3,-83,18
-447,-238,-17064,3,-71,20
-449,-238,-17080,-5,-41,28
-468,-251,-17079,-1,-55,20
-455,-263,-17081,5,-80,21
-426,-256,-17072,-11,-30,30
-454,-259,-17093,1,-61,25
-454,-251,-17058,11,-87,17
-429,-248,-17084,-8,-34,26
-449,-250,-17041,-9,-54,34
-446,-231,-17059,2,-71,22
-446,-228,-17067,4,-28,28
-473,-263,-17049,-8,-51,31
-444,-266,-17060,8,-87,14
-450,-278,-17052,-22,10,42
-441,-273,-17074,-12,-21,35
-444,-256,-17050,-6,-67,27
-452,-240,-17073,-8,-24,29
-433,-247,-17072,-2,-51,27
-451,-248,-17037,-7,-75,16
-464,-239,-17070,-7,-34,25
-452,-250,-17064,-4,-23,31
-452,-266,-17073,-8,-64,23
-449,-267,-17060,-7,-35,29
-452,-263,-17062,-4,-44,26
-433,-257,-17068,-10,-56,33
-438,-248,-17068,-4,-41,30
-441,-228,-17082,2,-48,24
-441,-242,-17065,-6,-68,21
-452,-247,-17040,-2,-61,21
-436,-243,-17080,-10,-41,28
-448,-258,-17056,-1,-68,19
-458,-266,-17053,-6,-58,15
-424,-251,-17109,-8,-30,26
-441,-256,-17071,-11,-65,20
-443,-259,-17047,9,-76,18
-441,-239,-17084,-11,-25,33
-448,-242,-17071,-9,-59,26
-455,-233,-17068,10,-77,14
-444,-255,-17089,-6,-28,29
-446,-259,-17053,-14,-58,27
-449,-269,-17073,6,-94,16
-425,-255,-17078,-8,-46,25
-419,-247,-17065,-8,-50,25
-430,-240,-17071,-6,-52,21
-438,-240,-17066,-6,-10,36
-461,-247,-17061,0,-50,30
-457,-238,-17055,8,-84,26
-453,-260,-17062,2,-52,22
-454,-256,-17075,-9,-45,27
-436,-272,-17060,-5,-68,20
-443,-258,-17058,-12,-21,31
-454,-245,-17070,7,-66,26
-441,-240,-17070,6,-86,20
-430,-242,-17090,-7,-34,28
-440,-221,-17072,6,-61,22
-464,-256,-17051,1,-70,24
-459,-259,-17042,-9,-32,27
-436,-260,-17088,-5,-48,27
-443,-267,-17057,-8,-61,19
-434,-261,-17107,-8,-30,23
-446,-257,-17053,-5,-40,33
-440,-240,-17065,4,-78,20
-441,-240,-17053,5,-58,28
-460,-233,-17065,-2,-52,21
-439,-246,-17076,-9,-62,32
-457,-255,-17055,6,-60,18
-431,-257,-17076,-11,-31,31
-441,-268,-17080,-8,-67,30
-432,-251,-17084,-1,-67,17
-441,-250,-17078,-8,-26,26
-450,-245,-17059,6,-68,23
-447,-234,-17067,-4,-80,19
-465,-243,-17060,-14,-24,35
-447,-255,-17069,-9,-45,29
-452,-255,-17056,-2,-73,24
-435,-262,-17058,0,-32,30
-447,-265,-17072,0,-54,24
-430,-261,-17073,-3,-79,21
-448,-244,-17070,-11,-29,37
-457,-243,-17053,-9,-28,31
-459,-243,-17064,3,-71,24
-454,-251,-17055,0,-62,22
-445,-252,-17086,-8,-26,34
-431,-262,-17080,3,-70,19
-435,-263,-17057,-14,-52,21
-439,-256,-17055,-13,-21,40
-427,-244,-17069,-9,-59,27
-452,-256,-17040,8,-75,24
-457,-241,-17056,-6,-30,31
-468,-258,-17027,-6,-53,27
-450,-258,-17060,-3,-54,29
-468,-270,-17053,-18,-13,31
-427,-269,-17047,-4,-65,24
-444,-258,-17051,1,-70,23
-433,-254,-17078,-8,-38,23
-438,-257,-17068,-2,-72,12
-449,-244,-17057,2,-75,20
-442,-230,-17079,10,-42,21
-451,-251,-17060,-1,-48,25
-450,-256,-17063,-1,-65,23
-420,-253,-17094,-1,-44,28
-454,-276,-17065,-8,-49,26
-444,-249,-17075,-1,-62,24
-429,-258,-17079,-10,-22,28
-441,-243,-17080,-8,-36,32
-442,-240,-17069,-2,-67,29
-454,-241,-17054,10,-72,21
-451,-260,-17051,-2,-42,28
-455,-266,-17083,-5,-57,25
-438,-239,-17079,-4,-40,23
-450,-235,-17048,-10,-37,33
-461,-244,-17045,-4,-77,21
-462,-261,-17050,-7,-34,28
-459,-258,-17069,-3,-61,28
-449,-266,-17064,-12,-70,27
-453,-279,-17052,-16,-22,37
-445,-264,-17054,-8,-46,35
-442,-240,-17080,-1,-69,25
-456,-236,-17052,0,-59,22
-456,-238,-17065,-9,-22,32
-469,-242,-17064,-12,-42,29
-433,-255,-17077,-3,-41,28
-448,-269,-17051,-2,-45,24
-452,-269,-17055,0,-77,19
-437,-246,-17085,-5,-36,26
-446,-249,-17060,-7,-30,31
-416,-238,-17072,-6,-55,30
-454,-241,-17029,-11,-38,21
-472,-227,-17049,-1,-61,24
-443,-246,-17072,4,-76,20
-457,-274,-17039,-8,-33,31
-457,-262,-17061,4,-53,22
-452,-274,-17050,2,-69,28
-425,-255,-17074,0,-42,23
-439,-256,-17064,-10,-30,31
-454,-261,-17043,-9,-60,31
-443,-243,-17071,-17,-45,23
-459,-239,-17068,-7,-29,31
-471,-257,-17049,7,-69,27
-448,-260,-17071,9,-67,15
-447,-258,-17095,-3,-41,22
-448,-270,-17068,-11,-56,24
-431,-255,-17093,0,-69,25
-438,-259,-17057,-12,-15,32
-450,-243,-17071,-3,-45,34
-453,-243,-17061,-13,-63,24
-443,-237,-17086,-7,-36,28
-458,-255,-17042,-5,-40,32
-441,-242,-17093,3,-76,18
-435,-263,-17055,-3,-26,34
-459,-279,-17036,-13,-40,28
-434,-247,-17094,-8,-62,29
-446,-253,-17052,-1,-32,29
-453,-235,-17073,-3,-41,24
-463,-241,-17054,0,-64,30
-447,-248,-17064,-2,-35,36
-455,-257,-17057,8,-48,28
-451,-263,-17066,-2,-70,17
-447,-253,-17082,-6,-37,31
-439,-258,-17071,-11,-23,39
-439,-253,-17059,-1,-83,21
-459,-242,-17065,-2,-51,26
-447,-235,-17080,-1,-38,25
-435,-241,-17051,-4,-66,27
-465,-244,-17049,1,-41,32
-458,-248,-17061,-10,-28,35
-460,-262,-17068,2,-67,21
-436,-279,-17067,-9,-60,28
-437,-254,-17078,-8,-17,36
-424,-246,-17110,-16,-33,35
-455,-244,-17060,-1,-62,23
-445,-233,-17065,4,-39,28
-453,-234,-17086,3,-58,21
-446,-257,-17088,-6,-72,26
-427,-253,-17074,-4,-30,32
-450,-265,-17095,3,-57,28
-436,-262,-17095,-10,-61,26
-456,-260,-17070,-7,-35,35
-446,-242,-17090,2,-58,19
-468,-250,-17043,-7,-65,23
-452,-221,-17068,-3,-32,26
-427,-225,-17078,2,-46,24
-455,-249,-17042,10,-41,28
-447,-240,-17059,0,-60,21
-452,-267,-17048,6,-67,19
-439,-256,-17079,-5,-12,35
-471,-267,-17019,5,-67,20
-438,-259,-17077,2,-64,23
-427,-253,-17087,4,-42,25
-436,-258,-17054,-6,-56,22
-439,-253,-17059,-7,-48,34
-439,-237,-17082,-8,-15,34
-454,-241,-17062,0,-46,31
-460,-251,-17072,-1,-60,23
-442,-257,-17064,-5,-37,22
-448,-262,-17068,-2,-58,23
-450,-260,-17067,-3,-72,20
-433,-259,-17063,-1,-38,19
-429,-246,-17102,-2,-33,27
-448,-252,-17065,-11,-62,28
-467,-242,-17063,-3,-29,30
-448,-243,-17060,-8,-40,27
-445,-239,-17085,9,-85,15
-460,-265,-17053,-13,-20,40
-441,-261,-17063,-15,-27,28
-436,-277,-17057,-2,-74,21
-433,-265,-17067,-3,-50,29
-426,-253,-17073,1,-46,29
-454,-243,-17061,7,-72,18
-465,-243,-17054,-2,-77,26
-461,-245,-17066,-6,-34,30
-450,-262,-17075,0,-51,18
-455,-260,-17061,9,-74,16
-447,-263,-17072,-16,-17,35
-441,-259,-17075,-2,-64,25
-426,-257,-17074,5,-78,20
-442,-247,-17093,-2,-40,26
-438,-251,-17068,3,-76,27
-438,-244,-17076,-3,-23,27
-448,-241,-17055,-12,-47,28
-426,-242,-17075,3,-75,26
-446,-243,-17066,-17,-16,40
-426,-252,-17088,-7,-34,29
-441,-260,-17077,-2,-70,28
-424,-259,-17082,-8,-32,32
-456,-269,-17071,-10,-39,27
-441,-252,-17061,-1,-70,31
-430,-231,-17079,-2,-23,34
-451,-245,-17053,-9,-58,29
-459,-238,-17060,-4,-59,23
-453,-235,-17067,-14,-2,38
-439,-247,-17058,-7,-57,22
-457,-255,-17055,1,-63,15
-430,-259,-17072,-5,-48,23
-452,-271,-17048,-2,-64,24
-430,-259,-17082,3,-63,28
-458,-264,-17059,-10,-28,37
-447,-258,-17055,6,-85,15
-454,-240,-17044,-8,-44,28
-479,-239,-17038,8,-59,25
-430,-227,-17068,0,-66,23
-462,-237,-17054,-15,-18,39
-445,-245,-17072,9,-65,25
-415,-260,-17087,-3,-68,22
-438,-263,-17062,-18,-23,33
-444,-265,-17060,-8,-48,26
-435,-264,-17085,1,-59,31
-434,-245,-17078,-6,-24,32
-446,-234,-17068,-5,-52,28
-444,-243,-17083,-2,-59,18
-452,-246,-17053,-1,-32,28
-454,-245,-17061,-3,-69,27
-452,-247,-17056,2,-59,23
-453,-256,-17046,-2,-61,24
-450,-275,-17057,-3,-62,24
-449,-269,-17066,-10,-34,37
-428,-274,-17058,-8,-39,27
-447,-251,-17073,-4,-66,27
-445,-241,-17063,-4,-45,29
-449,-230,-17069,-10,-40,22
-449,-237,-17075,-13,-56,29
-461,-242,-17051,-2,-42,21
-449,-267,-17050,-10,-22,33
-447,-262,-17054,4,-69,20
-442,-280,-17065,4,-77,17
-427,-261,-17075,0,-56,26
-448,-260,-17067,0,-75,22
-452,-255,-17091,-2,-36,27
-418,-256,-17077,4,-76,19
-440,-240,-17055,4,-59,27
-458,-236,-17053,-1,-19,29
-455,-237,-17062,10,-79,19
-465,-260,-17064,-2,-71,22
-451,-269,-17046,-3,-19,32
-446,-279,-17049,-8,-38,36
-448,-267,-17069,-2,-54,24
-439,-258,-17069,-3,-49,27
-440,-256,-17079,-1,-66,21
-410,-226,-17084,3,-72,19
-467,-250,-17050,-10,-21,32
-442,-233,-17069,-6,-40,22
-463,-262,-17030,-3,-66,23
-424,-261,-17091,-7,-20,29
-436,-257,-17085,-2,-46,24
-448,-266,-17072,8,-88,15
-450,-256,-17060,1,-50,29
-439,-235,-17099,-2,-43,19
-440,-236,-17051,-7,-54,34
-454,-245,-17055,9,-53,13
-446,-249,-17077,-12,-21,22
-451,-264,-17058,1,-61,20
-455,-273,-17056,0,-80,23
-453,-274,-17077,-14,-25,34
-428,-252,-17089,-6,-55,26
-452,-247,-17069,-1,-54,28
-439,-235,-17058,-1,-16,33
-451,-235,-17062,7,-72,19
-455,-260,-17044,2,-63,30
-470,-243,-17068,-15,-23,37
-453,-257,-17062,-12,-55,32
-438,-258,-17082,-4,-66,26
-414,-250,-17079,-2,-20,27
-429,-254,-17081,5,-63,16
-438,-237,-17064,1,-59,27
-452,-240,-17070,-14,-15,37
-418,-238,-17092,-14,-28,33
-452,-236,-17066,14,-68,16
-456,-239,-17046,-6,-51,30
-449,-238,-17077,-11,-18,42
-448,-232,-17080,-8,-45,26
-444,-259,-17069,-10,-50,36
-438,-267,-17081,-6,-31,37
-430,-272,-17077,-5,-55,25
-419,-252,-17098,-2,-50,23
-435,-246,-17073,-8,-18,32
-435,-248,-17072,-4,-70,24
-444,-237,-17076,5,-75,19
-441,-245,-17046,-15,-20,33
-455,-254,-17074,-1,-48,32
-438,-263,-17068,-3,-54,25
-427,-255,-17074,-14,-30,31
-444,-273,-17070,-8,-58,26
-437,-268,-17083,3,-75,23
-436,-245,-17065,-2,-32,29
-439,-251,-17069,-10,-57,32
-434,-238,-17076,-1,-62,28
-447,-248,-17043,-4,-37,29
-446,-245,-17063,6,-68,19
-463,-255,-17063,0,-74,27
-454,-250,-17078,0,-52,27
-456,-272,-17071,-5,-63,28
-438,-263,-17074,1,-36,31
-444,-253,-17094,-12,-27,28
-448,-247,-17067,-14,-37,29
-447,-240,-17066,-2,-59,22
-482,-247,-17034,-10,-28,29
-442,-240,-17066,13,-82,13
-433,-248,-17067,4,-71,22
-455,-247,-17082,-6,-21,32
-439,-251,-17056,-4,-55,27
-436,-266,-17074,10,-78,20
-426,-267,-17079,-1,-44,24
-453,-270,-17031,-1,-77,22
-437,-254,-17053,-11,-23,26
-436,-232,-17081,-5,-40,33
-455,-228,-17070,-10,-53,32
-452,-226,-17054,-8,-27,32
-465,-236,-17062,1,-68,23
-445,-260,-17071,-2,-69,22
-451,-253,-17067,-1,-33,27
-436,-253,-17085,7,-58,28
-449,-278,-17040,4,-78,23
-426,-254,-17052,-6,-28,28
-436,-243,-17091,7,-71,22
-443,-238,-17067,4,-67,25
-438,-233,-17085,-7,-30,26
-449,-237,-17073,-4,-53,27
-446,-247,-17067,-1,-64,29
-430,-260,-17081,-11,-21,37
-446,-261,-17091,-11,-45,26
-428,-255,-17090,-2,-70,27
-444,-258,-17059,0,-30,25
-424,-263,-17078,-5,-48,28
-431,-250,-17084,-6,-32,27
-436,-245,-17096,-5,-42,22
-448,-246,-17079,4,-72,22
-441,-232,-17049,0,-36,29
-437,-236,-17073,-1,-62,18
-461,-238,-17075,-4,-61,25
-446,-259,-17045,-10,-37,27
-443,-253,-17069,1,-67,25
-456,-258,-17079,6,-52,22
-434,-271,-17069,1,-68,26
-446,-265,-17061,1,-68,19
-435,-254,-17081,-16,-18,34
-433,-260,-17058,-8,-39,25
-435,-244,-17079,9,-65,22
-461,-235,-17080,4,-50,19
-455,-237,-17034,-2,-59,25
-442,-255,-17053,-3,-70,21
-445,-261,-17092,4,-39,29
-441,-262,-17065,-1,-62,24
-431,-258,-17063,6,-84,20
-443,-267,-17077,-3,-51,26
-440,-248,-17061,-9,-31,27
-430,-248,-17066,-1,-74,16
-446,-234,-17071,-4,-24,27
-467,-251,-17049,6,-50,24
-455,-238,-17042,4,-72,25
-445,-250,-17069,0,-35,29
-441,-263,-17071,3,-69,17
-448,-258,-17064,-1,-28,29
-447,-254,-17068,-7,-46,29
-443,-261,-17060,-5,-63,20
-429,-249,-17102,-19,1,43
-438,-252,-17079,-15,-25,38
-457,-238,-17067,-1,-75,22
-445,-248,-17045,-10,-22,24
-439,-241,-17084,-3,-47,25
-464,-265,-17037,4,-72,21
-463,-273,-17029,1,-69,18
-414,-264,-17089,-17,-38,37
-438,-267,-17076,3,-84,12
-424,-248,-17080,5,-84,21
-454,-241,-17077,-8,-16,32
-456,-234,-17060,-7,-48,28
-445,-241,-17079,-5,-60,29
-454,-259,-17054,-8,-33,23
-444,-251,-17061,-9,-34,35
-422,-258,-17088,4,-74,25
-444,-270,-17065,-10,-26,31
-460,-247,-17054,0,-65,19
-450,-255,-17054,5,-79,26
-434,-238,-17083,6,-34,26
-436,-240,-17071,-10,-46,27
-463,-230,-17068,-6,-69,19
-459,-247,-17044,-8,-30,31
-440,-262,-17094,-4,-29,38
-449,-263,-17045,-10,-56,24
-442,-274,-17036,-6,-39,26
-451,-267,-17048,-1,-41,25
-443,-248,-17067,-5,-68,20
-460,-242,-17043,3,-69,20
-451,-229,-17080,4,-48,23
-439,-230,-17085,6,-79,17
-464,-252,-17034,-7,-51,34
-424,-263,-17061,-5,-32,29
-438,-258,-17058,-7,-50,26
-451,-269,-17070,-5,-56,28
-448,-260,-17052,-3,-28,32
-430,-231,-17082,0,-59,28
-443,-232,-17078,9,-73,18
-462,-242,-17023,0,-35,24
-447,-237,-17071,-2,-58,25
-466,-244,-17054,-8,-49,26
-442,-259,-17068,-3,-31,30
-450,-263,-17072,4,-81,6
-439,-251,-17062,2,-77,18
-450,-260,-17067,-5,-42,21
-431,-255,-17064,4,-49,34
-446,-241,-17046,-9,-54,22
-434,-234,-17087,-11,-46,28
-462,-239,-17057,9,-78,9
-446,-245,-17056,11,-55,16
-439,-245,-17073,-10,-45,30
-451,-252,-17075,-13,-54,23
-440,-265,-17086,9,-80,17
-435,-262,-17054,-7,-20,28
-448,-262,-17062,-8,-57,25
-447,-241,-17073,-5,-52,22
-438,-239,-17088,-8,-37,27
-460,-242,-17053,-13,-38,28
-444,-240,-17062,0,-65,18
-450,-262,-17069,-7,-28,28
-448,-272,-17075,-4,-56,29
-436,-265,-17085,6,-70,27
-436,-253,-17082,3,-31,27
-429,-260,-17082,-9,-46,30
-452,-246,-17067,5,-84,20
-441,-232,-17079,-8,-23,30
-465,-241,-17068,-9,-35,32
-455,-254,-17051,-4,-68,33
-452,-263,-17048,0,-35,24
-445,-259,-17071,-4,-43,27
-417,-253,-17086,9,-85,12
-443,-265,-17068,-5,-29,29
-450,-250,-17042,-10,-40,25
-452,-236,-17054,-4,-50,27
-443,-244,-17070,-2,-79,19
-446,-243,-17058,-2,-28,33
-459,-270,-17036,-1,-53,25
-445,-277,-17054,-6,-74,28
-430,-264,-17083,1,-37,22
-446,-252,-17048,-3,-43,30
-435,-252,-17052,-18,-43,34
-450,-239,-17058,-9,-30,33
-429,-235,-17088,3,-46,25
-450,-222,-17089,4,-71,21
-457,-254,-17076,-3,-63,14
-440,-261,-17068,-1,-30,30
-439,-274,-17049,-11,-44,35
-440,-257,-17070,1,-64,20
-453,-258,-17071,-2,-32,28
-455,-245,-17043,-3,-56,18
-442,-234,-17078,7,-73,16
-445,-247,-17078,-9,-31,35
-442,-252,-17085,4,-64,21
-446,-268,-17048,4,-77,23
-427,-266,-17069,-6,-21,27
-424,-275,-17057,-14,-40,31
-431,-255,-17091,-7,-67,23
-445,-247,-17060,-1,-39,27
-424,-235,-17082,-6,-44,29
-429,-233,-17063,-14,-57,24
-451,-252,-17035,-5,-32,23
-437,-260,-17064,-2,-49,25
-428,-243,-17066,-1,-57,25
-443,-261,-17078,-3,-24,28
-435,-270,-17058,6,-62,15
-449,-259,-17044,6,-76,13
-439,-244,-17078,-15,-11,32
-452,-237,-17048,-12,-19,35
-447,-240,-17082,5,-90,22
-445,-258,-17070,6,-89,14
-464,-252,-17038,2,-54,27
-432,-259,-17076,5,-45,24
-436,-257,-17080,3,-69,22
-449,-254,-17055,0,-27,31
-425,-242,-17092,7,-65,27
-446,-256,-17056,-4,-70,18
-429,-246,-17073,0,-57,21
-445,-235,-17082,1,-70,20
-461,-246,-17052,2,-70,24
-462,-246,-17054,-2,-20,32
-449,-258,-17072,-12,-48,29
-456,-264,-17078,-1,-62,24
-438,-263,-17057,-11,-20,36
-461,-248,-17058,-9,-37,30
-433,-264,-17062,-1,-58,25
-426,-255,-17061,-3,-76,21
-428,-263,-17060,-2,-40,24
-446,-244,-17080,2,-50,27
-460,-240,-17066,-3,-73,29
-453,-248,-17060,-4,-41,26
-463,-244,-17055,1,-62,26
-447,-246,-17052,5,-79,15
-461,-273,-17049,-6,-22,30
-421,-266,-17083,-11,-46,36
-457,-260,-17046,-8,-53,31
-430,-252,-17070,4,-32,25
-409,-231,-17089,-10,-41,27
-458,-238,-17071,-2,-74,26
-447,-237,-17066,-3,-32,25
-454,-242,-17046,2,-52,28
-460,-249,-17052,-11,-60,27
-442,-257,-17061,12,-68,27
-443,-267,-17071,-2,-48,26
-420,-265,-17090,2,-77,13
-452,-262,-17058,11,-75,23
-460,-247,-17057,-12,-30,28
-447,-235,-17064,-2,-54,28
-464,-243,-17041,-5,-49,29
-446,-250,-17058,-2,-21,31
-438,-261,-17069,-9,-50,32
-450,-267,-17062,2,-82,21
-456,-268,-17054,-16,-21,29
-457,-268,-17082,-3,-66,16
-441,-246,-17045,-5,-66,23
-436,-239,-17078,-13,-29,33
-442,-239,-17079,-6,-50,30
-469,-237,-17036,-4,-79,21
-461,-256,-17077,-17,-34,30
-448,-265,-17075,1,-53,24
-442,-273,-17080,-2,-66,20
-453,-275,-17060,1,-39,28
-441,-252,-17065,1,-62,25
-438,-252,-17068,-3,-67,18
-452,-245,-17055,4,-59,21
-464,-245,-17035,-2,-52,17
-464,-235,-17073,4,-71,19
-456,-260,-17070,-8,-39,31
-425,-249,-17091,-8,-28,28
-429,-259,-17076,-9,-43,33
-447,-263,-17056,-4,-73,20
-462,-249,-17062,2,-45,18
-434,-244,-17063,8,-61,23
-472,-244,-17059,-1,-56,26
-460,-253,-17044,-6,-36,25
-457,-244,-17065,-2,-60,21
-462,-248,-17047,-4,-56,25
-445,-267,-17059,-16,-17,37
-435,-255,-17085,-8,-49,30
-440,-260,-17049,-5,-58,30
-437,-247,-17074,1,-33,24
-435,-246,-17074,-7,-51,33
-464,-240,-17060,-1,-85,16
-457,-248,-17054,-18,-11,38
-463,-244,-17043,-6,-52,27
-431,-247,-17059,-1,-57,32
-426,-257,-17086,-12,-24,39
-434,-259,-17079,-2,-63,28
-416,-253,-17092,1,-76,17
-447,-258,-17069,-4,-24,27
-439,-252,-17065,-6,-55,24
-451,-232,-17057,-2,-52,32
-442,-234,-17084,-4,-15,31
-458,-237,-17051,-6,-52,29
-457,-260,-17058,3,-82,19
-434,-251,-17090,-3,-38,27
-446,-266,-17056,4,-57,23
-442,-261,-17054,-6,-32,34
-432,-254,-17080,-12,-20,34
-455,-259,-17072,-8,-51,29
-457,-246,-17059,-7,-58,19
-443,-237,-17079,-7,-22,37
-448,-232,-17070,-8,-46,28
-447,-236,-17071,-2,-56,25
-449,-270,-17052,-3,-26,31
-428,-245,-17089,-8,-46,25
-436,-247,-17070,-4,-62,16
-440,-244,-17039,-6,-22,34
-459,-245,-17064,-8,-51,25
-438,-237,-17068,-1,-74,29
-448,-249,-17088,-6,-37,31
-452,-262,-17070,-7,-56,25
-442,-265,-17082,4,-83,16
-432,-258,-17072,-3,-38,27
-444,-254,-17070,1,-54,26
-438,-248,-17068,-2,-71,28
-431,-234,-17075,2,-58,25
-447,-240,-17061,-4,-46,34
-440,-245,-17065,17,-77,18
-462,-258,-17064,2,-65,22
-428,-267,-17057,-7,-30,32
-434,-249,-17078,-4,-52,23
-425,-255,-17073,8,-77,19
-444,-256,-17053,-7,-42,30
-455,-246,-17068,-2,-49,25
-454,-243,-17072,-1,-65,20
-452,-254,-17073,-8,-29,30
-452,-256,-17063,5,-70,20
-455,-254,-17073,4,-72,15
-441,-261,-17051,-10,-36,33
-440,-262,-17070,-1,-56,22
-447,-265,-17084,3,-61,20
-429,-253,-17073,-2,-22,35
-451,-249,-17057,-7,-52,27
-464,-238,-17070,-1,-66,21
-435,-229,-17069,-12,-22,35
-448,-265,-17073,-2,-47,30
-432,-244,-17068,-5,-53,33
-450,-262,-17079,-2,-40,32
-443,-260,-17069,3,-65,26
-441,-259,-17067,6,-77,20
-449,-252,-17041,-11,-22,36
-442,-239,-17045,-16,-44,35
-433,-234,-17066,3,-79,23
-447,-233,-17053,-2,-32,21
-453,-240,-17074,-15,-46,33
-467,-248,-17047,-1,-45,29
-456,-255,-17055,0,-37,34
-431,-236,-17078,-1,-59,21
-450,-247,-17081,-11,-28,37
-429,-261,-17090,-14,-56,23
-452,-263,-17052,-8,-23,35
-428,-260,-17051,-13,-27,29
-459,-263,-17053,0,-76,19
-442,-232,-17086,-8,-64,33
-439,-239,-17085,-5,-26,28
-451,-240,-17066,2,-57,23
-442,-245,-17053,-8,-57,28
-448,-266,-17047,-13,-28,26
-450,-256,-17083,-1,-65,21
-445,-275,-17063,6,-42,26
-424,-260,-17086,-3,-62,15
-430,-258,-17085,1,-72,23
-438,-256,-17083,2,-34,31
-433,-240,-17088,-3,-47,20
-442,-234,-17099,-10,-66,28
-449,-246,-17056,-15,-27,34
-444,-245,-17067,-3,-46,34
-444,-245,-17066,-14,-58,28
-439,-255,-17095,2,-51,21
-416,-260,-17084,-4,-34,30
-430,-254,-17080,3,-78,15
-433,-254,-17065,-2,-47,20
-450,-242,-17053,10,-60,20
-452,-235,-17087,2,-80,25
-443,-235,-17073,-5,-34,36
-435,-247,-17093,5,-48,20
-445,-247,-17067,1,-78,14
-446,-263,-17075,-2,-39,30
-439,-258,-17080,-18,-20,33
-421,-252,-17095,0,-65,16
-437,-252,-17051,5,-60,19
-439,-244,-17086,4,-38,27
-441,-237,-17069,-5,-53,30
-450,-242,-17082,-2,-68,17
-451,-250,-17055,-6,-22,30
-430,-264,-17064,1,-59,18
-440,-265,-17062,-5,-69,28
-428,-265,-17083,-9,-26,32
-428,-269,-17061,5,-54,19
-445,-254,-17058,-6,-57,27
-459,-243,-17078,-6,-30,21
-460,-242,-17055,2,-50,23
-463,-248,-17065,-6,-71,18
-448,-244,-17069,-20,-15,36
-452,-264,-17052,-11,-41,28
-441,-266,-17069,1,-67,27
-440,-262,-17080,-6,-30,33
-430,-261,-17074,-6,-54,22
-440,-253,-17069,1,-67,24
-448,-231,-17076,-3,-26,36
-443,-227,-17066,-6,-37,31
-455,-257,-17051,-3,-71,21
-462,-256,-17064,7,-72,19
-451,-265,-17069,-4,-59,21
-419,-263,-17070,-10,-51,29
-421,-250,-17103,-2,-29,29
-441,-260,-17066,-8,-45,37
-426,-249,-17077,5,-66,11
-439,-243,-17051,-8,-17,32
-426,-219,-17082,8,-61,18
-451,-230,-17057,7,-85,19
-456,-245,-17048,-12,-18,31
-438,-255,-17097,-4,-41,24
-433,-252,-17086,-11,-48,26
-443,-262,-17047,1,-55,31
-436,-254,-17068,-9,-18,32
-416,-234,-17087,-10,-45,27
-441,-246,-17077,-2,-50,23
-432,-238,-17089,-3,-29,31
-441,-233,-17081,11,-83,19
-439,-249,-17050,-7,-69,26
-454,-255,-17080,-9,-33,32
-438,-261,-17079,-11,-58,31
-431,-261,-17061,0,-47,35
-441,-262,-17072,-2,-27,27
-454,-246,-17058,0,-72,20
-458,-251,-17071,7,-60,25
-461,-244,-17042,-8,-25,31
-457,-252,-17057,1,-68,18
-462,-254,-17029,11,-60,17
-455,-269,-17056,-15,-25,40
-456,-264,-17070,-6,-48,28
-437,-253,-17100,-15,-44,37
-421,-247,-17078,-5,-10,35
-445,-243,-17067,3,-44,25
-460,-248,-17066,-1,-80,17
-456,-247,-17076,0,-36,33
-465,-251,-17041,-1,-42,30
-442,-254,-17068,-5,-63,24
-447,-267,-17060,-5,-42,27
-414,-258,-17090,-5,-44,25
-420,-254,-17081,-18,-57,31
-433,-257,-17071,-4,-45,30
-442,-234,-17085,-9,-16,35
-456,-242,-17065,-7,-67,30
-438,-245,-17076,1,-66,16
-447,-242,-17071,-11,-16,42
-439,-257,-17098,-10,-53,30
-446,-256,-17071,1,-74,16
-427,-261,-17073,-16,-36,34
-426,-248,-17093,-21,-50,35
-435,-242,-17084,-1,-48,29
-454,-242,-17062,-5,-35,22
-454,-244,-17047,4,-72,16
-459,-249,-17052,-2,-61,31
-460,-256,-17060,-3,-32,23
-464,-257,-17052,-1,-50,26
-459,-274,-17046,-10,-61,28
-435,-255,-17068,-2,-41,31
-441,-262,-17086,1,-67,23
-435,-244,-17047,9,-86,10
-444,-249,-17058,-12,-13,36
-453,-242,-17058,-8,-47,24
-460,-241,-17074,-11,-60,32
-442,-256,-17047,3,-36,29
-422,-259,-17063,-1,-53,21
-447,-260,-17077,2,-70,23
-428,-269,-17066,3,-47,27
-439,-252,-17068,5,-61,24
-448,-260,-17076,-9,-50,28
-431,-232,-17069,-3,-16,36
-440,-242,-17071,8,-74,21
-442,-244,-17052,4,-71,17
-446,-243,-17080,-10,-22,29
-450,-260,-17048,-7,-49,22
-443,-271,-17060,4,-79,21
-444,-263,-17071,-11,-21,34
-438,-256,-17067,-13,-45,29
-425,-246,-17055,-10,-48,30
-443,-248,-17042,-4,-28,30
-443,-233,-17062,9,-50,16
-449,-238,-17082,-1,-80,17
-450,-251,-17054,10,-68,26
-425,-265,-17067,-7,-38,32
-441,-271,-17087,-5,-61,27
-440,-271,-17066,-11,-49,15
-425,-248,-17079,-16,-12,35
-447,-250,-17053,-4,-75,20
-442,-225,-17078,4,-87,25
-452,-241,-17069,-5,-23,38
-448,-242,-17061,-12,-42,28
-454,-243,-17062,-5,-60,24
-446,-258,-17053,1,-36,27
-431,-265,-17058,2,-69,26
-437,-276,-17071,-1,-78,23
-434,-246,-17068,-8,-17,36
-434,-247,-17066,-15,-51,31
-421,-229,-17083,-1,-75,18
-452,-246,-17052,-5,-43,26
-467,-259,-17043,-2,-50,25
-440,-262,-17061,7,-81,24
-443,-264,-17052,-5,-30,31
-448,-266,-17060,2,-53,33
-444,-264,-17069,3,-79,10
-439,-253,-17089,-8,-14,35
-435,-231,-17078,2,-58,18
-431,-229,-17063,4,-75,29
-470,-241,-17037,-10,-15,37
-464,-268,-17046,-8,-28,29
-437,-249,-17087,9,-86,18
-434,-269,-17094,-2,-52,28
-434,-264,-17049,-4,-46,36
-461,-279,-17058,-7,-59,29
-438,-270,-17074,0,-42,24
-437,-249,-17075,-11,-67,24
-451,-242,-17057,2,-58,25
-461,-237,-17051,3,-25,30
-464,-244,-17043,-10,-42,27
-461,-251,-17060,3,-74,23
-463,-257,-17056,-12,-28,33
-437,-272,-17062,-6,-53,31
-437,-262,-17067,0,-68,24
-439,-259,-17071,-6,-40,28
-426,-248,-17069,-1,-72,19
-441,-239,-17056,7,-69,23
-449,-244,-17085,-7,-24,29
-442,-244,-17079,-20,-42,35
-446,-238,-17027,8,-63,16
-438,-258,-17065,3,-37,36
-462,-269,-17060,-2,-69,28
-446,-271,-17058,0,-67,15
-464,-280,-17029,-10,-38,33
-437,-266,-17072,6,-82,17
-428,-242,-17089,12,-80,20
-452,-246,-17040,0,-38,27
-447,-241,-17047,-2,-62,23
-473,-243,-17062,-3,-52,25
-456,-273,-17073,-3,-25,29
-438,-259,-17056,8,-61,28
-439,-261,-17076,-1,-63,23
-425,-274,-17065,-6,-19,34
-429,-262,-17059,-3,-51,21
-448,-257,-17078,-5,-69,32
-438,-232,-17051,-6,-35,31
-438,-242,-17067,-1,-72,23
-436,-223,-17078,3,-43,29
-445,-238,-17065,-16,-25,38
-436,-243,-17053,-3,-62,27
-459,-271,-17058,-10,-26,31
-432,-265,-17083,0,-43,27
-457,-262,-17025,4,-82,19
-442,-263,-17066,-8,-37,23
-459,-277,-17054,-7,-47,26
-450,-250,-17072,-4,-64,21
-457,-243,-17058,4,-53,20
-465,-238,-17048,-4,-45,27
-450,-240,-17068,-3,-67,26
-445,-243,-17077,-14,-19,35
-460,-253,-17065,0,-63,20
-457,-261,-17046,-4,-65,30
-434,-268,-17071,-1,-61,23
-456,-271,-17067,-6,-53,20
-447,-269,-17046,4,-91,13
-446,-252,-17063,-16,-14,30
-455,-240,-17074,-2,-55,20
-455,-249,-17054,-11,-34,35
-440,-240,-17076,-15,-16,37
-457,-244,-17082,0,-83,14
-478,-247,-17052,15,-80,16
-457,-259,-17051,-1,-43,20
-452,-263,-17068,-18,-51,34
-448,-268,-17068,-5,-48,28
-413,-253,-17071,-8,-19,42
-451,-265,-17061,-5,-50,34
-419,-254,-17069,5,-32,25
-450,-257,-17057,-10,-41,34
-429,-241,-17082,4,-71,29
-444,-233,-17054,-4,-40,22
-435,-236,-17087,-7,-51,28
-450,-257,-17050,4,-84,19
-433,-248,-17071,-3,-40,30
-442,-243,-17077,-2,-34,32
-446,-277,-17062,3,-73,25
-455,-265,-17067,6,-47,27
-438,-268,-17053,-9,-48,26
-439,-261,-17067,-5,-56,30
-433,-259,-17064,3,-33,29
-447,-249,-17047,5,-66,22
-432,-242,-17087,9,-69,19
-454,-235,-17060,-10,-30,30
-461,-239,-17053,-9,-40,32
-443,-246,-17061,1,-68,29
-448,-260,-17064,0,-36,27
-438,-252,-17073,3,-67,24
-446,-263,-17072,-10,-18,30
-438,-269,-17058,0,-58,28
-444,-258,-17067,-4,-72,26
-452,-268,-17052,-13,-28,38
-441,-262,-17080,-1,-69,18
-437,-254,-17084,-7,-39,37
-445,-253,-17060,-8,-32,33
-446,-254,-17060,2,-62,31
-441,-239,-17088,-2,-37,20
-449,-239,-17065,-8,-45,27
-454,-234,-17055,-4,-52,25
-452,-247,-17084,-7,-32,31
-464,-254,-17055,7,-80,28
-435,-250,-17057,2,-75,23
-450,-260,-17055,-6,-23,31
-427,-271,-17066,-12,-35,37
-444,-260,-17081,-5,-66,28
-439,-260,-17066,1,-48,23
-427,-257,-17074,-5,-64,27
-434,-256,-17076,-12,-30,27
-440,-244,-17065,0,-48,27
-442,-240,-17077,-10,-55,31
-430,-233,-17069,4,-38,26
-446,-245,-17082,-1,-54,28
-453,-246,-17084,-6,-63,24
-445,-262,-17069,-2,-43,25
-435,-271,-17065,1,-38,32
-451,-261,-17074,-8,-66,24
-442,-250,-17077,1,-65,27
-436,-257,-17086,8,-54,25
-436,-241,-17067,0,-63,19
-434,-238,-17053,-2,-52,27
-448,-248,-17069,-15,-31,40
-449,-244,-17075,-2,-61,22
-435,-253,-17073,2,-77,23
-447,-256,-17055,-1,-40,28
-437,-267,-17074,2,-63,23
-427,-257,-17099,3,-71,16
-443,-267,-17056,-16,-18,34
-432,-239,-17072,-5,-56,24
-448,-253,-17050,0,-77,18
-454,-247,-17058,1,-30,32
-457,-235,-17070,-10,-50,28
-467,-241,-17063,-8,-27,36
-450,-251,-17068,-8,-52,22
-458,-253,-17028,3,-74,18
-440,-244,-17078,-15,-18,36
-432,-263,-17058,-5,-34,35
-429,-263,-17061,5,-65,30
-442,-249,-17064,-1,-74,20
-426,-257,-17083,-12,-25,38
-429,-244,-17076,5,-73,17
-455,-249,-17043,7,-81,20
-434,-245,-17063,-7,-30,26
-449,-231,-17069,-6,-61,27
-465,-258,-17053,3,-89,18
-443,-242,-17061,-9,-33,33
-464,-273,-17038,-6,-50,28
-450,-260,-17069,7,-62,21
-436,-266,-17080,0,-28,28
-441,-268,-17042,-2,-58,23
-430,-252,-17072,1,-70,30
-436,-260,-17065,7,-58,23
-467,-250,-17058,6,-61,26
-457,-249,-17051,-3,-59,23
-466,-245,-17057,-8,-22,35
-437,-244,-17067,2,-52,31
-461,-250,-17064,-6,-66,25
-467,-267,-17054,-17,-26,27
-427,-258,-17078,-6,-47,25
-433,-267,-17076,3,-82,14
-437,-251,-17066,2,-28,31
-421,-246,-17082,6,-75,24
-435,-245,-17076,0,-75,26
-438,-229,-17080,3,-45,23
-463,-245,-17064,-2,-51,17
-444,-233,-17087,-4,-46,17
-463,-251,-17050,-13,-20,36
-450,-263,-17076,6,-68,16
-455,-270,-17064,-12,-63,21
-421,-255,-17075,-6,-32,28
-448,-270,-17054,3,-59,30
-443,-256,-17063,3,-75,23
-433,-234,-17087,7,-49,21
-434,-239,-17067,-5,-33,34
-447,-233,-17070,1,-65,23
-460,-245,-17056,-4,-30,33
-444,-246,-17057,1,-61,25
-459,-252,-17058,6,-60,16
-432,-254,-17066,-8,-23,36
-442,-253,-17066,-4,-52,24
-460,-260,-17082,-2,-68,24
-446,-261,-17069,-15,-10,34
-423,-249,-17079,2,-42,25
-434,-247,-17082,-10,-45,32
-454,-233,-17081,-1,-46,24
-436,-242,-17058,7,-73,24
-459,-245,-17066,-6,-62,27
-453,-250,-17068,-5,-28,25
-444,-266,-17078,2,-46,29
-430,-259,-17070,-7,-55,31
-451,-268,-17069,-2,-40,23
-420,-252,-17075,-2,-60,30
-443,-234,-17062,-2,-59,22
-449,-241,-17074,0,-75,15
-453,-235,-17072,0,-35,23
-463,-239,-17038,-2,-58,26
-435,-242,-17061,0,-73,23
-434,-254,-17067,-2,-34,28
-451,-264,-17072,3,-71,26
-447,-255,-17060,-11,-53,35
-440,-262,-17069,-14,-16,36
-439,-262,-17060,-4,-69,20
-442,-242,-17084,1,-73,16
-424,-237,-17080,-19,-6,36
-458,-238,-17039,-10,-39,33
-451,-247,-17057,-3,-67,22
-462,-248,-17071,-5,-26,33
-449,-248,-17063,-3,-65,22
-447,-253,-17054,6,-76,16
-438,-272,-17060,-3,-30,29
-439,-267,-17075,-4,-54,25
-437,-264,-17064,10,-83,15
-438,-252,-17072,-4,-26,29
-450,-252,-17068,-11,-41,33
-438,-241,-17065,4,-63,23
-450,-248,-17068,-4,-30,28
-456,-240,-17077,-8,-40,32
-440,-242,-17062,8,-79,23
-458,-258,-17061,-2,-41,29
-459,-274,-17046,-7,-49,31
-428,-262,-17095,-9,-59,19
-433,-267,-17068,2,-35,31
-434,-257,-17047,1,-49,28
-435,-238,-17066,-3,-77,27
-440,-239,-17076,2,-45,29
-439,-245,-17049,8,-48,26
-448,-238,-17077,-1,-77,19
-450,-234,-17065,-3,-29,37
-458,-248,-17046,-10,-41,36
-437,-256,-17060,0,-75,16
-451,-270,-17068,-27,-6,36
-446,-263,-17074,7,-63,24
-433,-262,-17058,-4,-66,25
-421,-246,-17066,-8,-16,34
-451,-252,-17063,-9,-35,30
-446,-238,-17059,6,-78,17
-443,-241,-17065,-8,-20,27
-453,-249,-17067,-10,-35,35
-454,-244,-17069,3,-88,20
-464,-259,-17043,-3,-29,26
-438,-268,-17044,0,-46,17
-437,-259,-17056,-8,-68,28
-427,-251,-17085,-8,-45,25
-439,-251,-17070,-4,-50,19
-428,-241,-17073,0,-57,22
-452,-238,-17064,-7,-42,28
-444,-235,-17083,-20,-20,36
-453,-230,-17083,2,-57,23
-470,-246,-17054,-4,-47,24
-459,-246,-17060,-9,-35,28
-439,-257,-17078,-8,-50,31
-442,-267,-17062,-2,-29,34
-428,-273,-17051,-8,-32,31
-442,-254,-17072,-3,-85,16
-438,-253,-17059,5,-59,26
-442,-252,-17042,-7,-30,35
-435,-249,-17070,-2,-72,25
-433,-233,-17071,3,-60,21
-434,-232,-17089,-10,-28,27
-450,-252,-17036,3,-60,25
-439,-255,-17076,-7,-59,21
-440,-260,-17047,-12,-11,43
-434,-254,-17061,6,-94,16
-442,-253,-17083,4,-77,28
-447,-268,-17054,-8,-20,32
-444,-263,-17059,-3,-61,25
-464,-244,-17053,2,-73,26
-449,-237,-17068,1,-53,21
-439,-249,-17060,-1,-51,27
-466,-263,-17044,-2,-71,22
-438,-261,-17075,2,-79,17
-434,-269,-17067,-4,-38,20
-418,-265,-17045,-1,-59,28
-432,-254,-17073,0,-67,30
-449,-241,-17064,-1,-37,27
-467,-250,-17057,-13,-64,21
-452,-235,-17061,6,-75,17
-433,-239,-17079,-14,-33,29
-446,-258,-17072,1,-57,22
-456,-267,-17049,-5,-68,19
-443,-257,-17067,-20,-6,42
-440,-275,-17054,-5,-50,32
-434,-270,-17049,1,-72,25
-451,-272,-17060,-8,-14,35
-437,-239,-17053,-9,-44,29
-439,-241,-17074,3,-69,25
-441,-238,-17063,-10,-26,32
-453,-240,-17078,3,-69,18
-459,-249,-17066,6,-79,17
-445,-254,-17066,-2,-38,24
-446,-253,-17064,-3,-48,24
-451,-261,-17085,4,-75,16
-438,-277,-17052,-13,-22,37
-445,-256,-17073,3,-61,27
-443,-237,-17066,-2,-57,29
-454,-247,-17070,-2,-35,32
-458,-233,-17066,-10,-21,28
-431,-247,-17066,-3,-62,24
-454,-260,-17065,11,-83,21
-446,-272,-17059,-12,-39,27
-432,-255,-17053,-4,-56,27
-443,-261,-17075,-13,-16,34
-431,-251,-17095,-21,-26,38
-452,-259,-17078,-5,-56,32
-438,-252,-17064,-3,-43,23
-422,-244,-17071,-1,-45,29
-415,-235,-17072,3,-64,26
-441,-235,-17080,-10,-25,33
-438,-240,-17082,0,-40,33
-466,-241,-17045,2,-72,18
-451,-255,-17052,1,-48,27
-472,-252,-17045,1,-65,25
-456,-270,-17029,-1,-64,22
-427,-257,-17087,-2,-24,32
-454,-262,-17061,-2,-37,37
-423,-241,-17084,-8,-45,29
-448,-247,-17078,5,-76,17
-449,-246,-17068,2,-52,31
-449,-240,-17076,-3,-74,26
-453,-260,-17067,7,-81,11
-451,-251,-17075,-11,-21,33
-455,-256,-17039,3,-70,21
-431,-268,-17096,6,-79,23
-462,-271,-17057,-5,-27,39
-439,-254,-17074,-6,-42,33
-422,-253,-17053,-6,-56,20
-427,-237,-17075,-8,-36,24
-439,-246,-17076,2,-66,22
-428,-229,-17094,-4,-55,27
-428,-231,-17083,-9,-22,32
-438,-229,-17083,-16,-52,26
-456,-251,-17036,-4,-54,25
-445,-264,-17072,-10,-30,26
-437,-271,-17086,-5,-54,22
-428,-257,-17068,6,-79,21
-449,-258,-17035,-2,-43,22
-442,-248,-17077,-1,-63,23
-443,-243,-17086,0,-67,24
-444,-221,-17076,-1,-31,31
-462,-253,-17043,-8,-37,30
-462,-253,-17042,2,-79,22
-447,-254,-17061,1,-44,27
-443,-261,-17052,-9,-30,35
-467,-269,-17068,-4,-65,26
-433,-261,-17072,16,-69,15
-432,-264,-17052,-5,-60,25
-432,-249,-17067,5,-75,28
-446,-242,-17064,-6,-49,33
-455,-235,-17061,7,-54,24
-458,-239,-17041,-6,-59,34
-452,-243,-17054,6,-60,28
-428,-251,-17071,-5,-36,29
-437,-267,-17081,3,-67,19
-448,-261,-17056,1,-60,16
-439,-262,-17068,-2,-45,24
-446,-274,-17060,2,-72,31
-447,-270,-17055,-2,-54,22
-432,-234,-17087,-4,-28,32
-446,-242,-17084,-9,-62,21
-447,-235,-17072,-3,-61,25
-443,-246,-17058,-16,-21,38
-443,-264,-17050,-8,-53,24
-450,-263,-17065,-4,-53,26
-441,-269,-17053,-15,1,36
-443,-263,-17066,1,-73,18
-437,-249,-17092,-7,-74,22
-434,-257,-17065,-7,-25,35
-441,-249,-17072,-9,-37,31
-462,-243,-17058,-6,-65,21
-449,-242,-17078,-10,-29,30
-449,-247,-17060,0,-56,28
-463,-261,-17064,-5,-62,24
-445,-265,-17081,1,-34,23
-441,-254,-17075,-6,-66,18
-446,-261,-17075,-8,-66,28
-435,-269,-17060,-8,-34,34
-438,-250,-17073,-10,-33,30
-435,-240,-17077,-11,-58,36
-449,-240,-17085,0,-28,30
-442,-235,-17071,-2,-47,24
-470,-253,-17066,4,-71,23
-460,-255,-17047,-2,-45,30
